Merger,jpg,pdf
Merger,jpg,docx  
Merger,pdf,doc
Merger,pdf,docx
Merger,pdf,html
Merger,pdf,xps
Merger,pdf,tex
Merger,pdf,svg
Merger,pdf,xls
Merger,pdf,epub
Merger,pdf,pptx
Merger,pdf,bmp
Merger,pdf,emf
Merger,pdf,jpeg
Merger,pdf,png
Merger,pdf,tiff
Merger,pdf,pdfa
Merger,pdf,text
Merger,epub,pdf
Merger,html,pdf
Merger,xps,pdf
Merger,pcl,pdf
Merger,tex,pdf
Merger,svg,pdf
Merger,mht,pdf
Merger,ps,pdf
Merger,eps,pdf
Merger,md,pdf
Merger,bmp,pdf
Merger,png,pdf
Merger,tiff,pdf
Merger,epub,pdf
Merger,cgm,pdf
Split,PDF
Split,DOC
Split,DOCX
Split,HTML
Split,TXT
Split,WORD
Watermark,add
Watermark,get
Watermark,remove


